{
    "anchorpoints": [],
    "portpins": [
        {
            "name": "1",
            "position": [
                -5.75575,
                -19.98,
                0.7825000000000001
            ],
            "rotation": [
                0.0,
                0.0,
                -1.0,
                0.0,
                1.0,
                0.0,
                1.0,
                -0.0,
                0.0
            ]
        }
    ],
    "version": 7
}