{
    "anchorpoints": [],
    "portpins": [
        {
            "name": "1",
            "position": [
                2.5,
                0.75,
                0.0
            ],
            "rotation": [
                0.4432422071779362,
                0.13297266215338088,
                0.8864844143558724,
                -0.05946718234481465,
                0.9911197057469107,
                -0.1189343646896293,
                -0.894427190999916,
                0.0,
                0.447213595499958
            ]
        }
    ],
    "version": 7
}