{
    "anchorpoints": [],
    "portpins": [
        {
            "name": "1",
            "position": [
                2.6,
                0.75,
                0.0
            ],
            "rotation": [
                0.4573207171983774,
                0.1319194376533781,
                0.8794629176891873,
                -0.0608613935776583,
                0.9912604410391935,
                -0.11704114149549673,
                -0.8872168012345951,
                0.0,
                0.4613527366419895
            ]
        }
    ],
    "version": 7
}