{
    "anchorpoints": [],
    "portpins": [
        {
            "name": "1",
            "position": [
                3.75,
                0.75,
                0.0
            ],
            "rotation": [
                0.5957261030921532,
                0.11914522061843064,
                0.7943014707895376,
                -0.07148713237105839,
                0.9928768384869222,
                -0.09531617649474451,
                -0.8,
                0.0,
                0.6000000000000001
            ]
        }
    ],
    "version": 7
}