{
    "anchorpoints": [],
    "portpins": [
        {
            "name": "1",
            "position": [
                5.0,
                0.75,
                0.0
            ],
            "rotation": [
                0.70316255393463,
                0.1054743830901945,
                0.70316255393463,
                -0.07458165152454425,
                0.9944220203272568,
                -0.07458165152454425,
                -0.7071067811865476,
                0.0,
                0.7071067811865476
            ]
        }
    ],
    "version": 7
}