{
    "anchorpoints": [],
    "portpins": [
        {
            "name": "1",
            "position": [
                3.2,
                0.75,
                0.0
            ],
            "rotation": [
                0.5348023434317076,
                0.12534429924180646,
                0.8356286616120431,
                -0.06756730783189245,
                0.9921133033316208,
                -0.10557391848733194,
                -0.8422714006615114,
                0.0,
                0.5390536964233673
            ]
        }
    ],
    "version": 7
}