{
    "anchorpoints": [],
    "portpins": [
        {
            "name": "1",
            "position": [
                4.0,
                0.75,
                0.0
            ],
            "rotation": [
                0.620453387463585,
                0.1163350101494222,
                0.7755667343294813,
                -0.07267390469753773,
                0.993210030866349,
                -0.09084238087192216,
                -0.7808688094430303,
                0.0,
                0.6246950475544243
            ]
        }
    ],
    "version": 7
}